{
  "personal_information": {
    "name": "Naga Shivani Pinnamaraju",
    "email": "shivanipinnamaraju@gmail.com",
    "phone": "940-344-4002",
    "location": "Argyle, TX 76226",
    "socials": [
      {
        "name": "LinkedIn",
        "link": "https://www.linkedin.com/in/shivani-pinnamaraju"
      }
    ]
  },
  "summary": "Detail-oriented and solution-driven Software Engineer with 2+ years of experience in full-stack development, cloud-native systems, and DevOps. Adept in Python, Java/Spring Boot, JavaScript, and AWS, with a strong foundation in designing and deploying scalable software solutions. Proven ability to work independently on end-to-end feature development, from definition to deployment. Experience includes maintaining healthcare systems with high uptime and implementing automation to streamline operations. Committed to writing clean, well-documented code while collaborating with cross-functional teams in Agile environments.",
  "experiences": [
    {
      "designation": "Associate Engineer",
      "companyName": "Virtusa Consulting Services Pvt. Ltd.",
      "location": "Hyderabad, India",
      "start_date": "June 2022",
      "end_date": "July 2023",
      "caption": "",
      "points": [
        "Supported mission-critical healthcare applications (TruCare, QlikView) achieving 98% system uptime by proactively monitoring more than 100 scheduled Control-M jobs daily.",
        "Diagnosed and resolved application incidents, cutting average response time by 15% through root-cause analysis and SQL data fixes.",
        "Collaborated with cross-functional teams to tune Informatica Cloud pipelines, improving data load performance by 20%.",
        "Documented standard operating procedures for L2 support, enabling faster onboarding of new team members."
      ]
    },
    {
      "designation": "Intern",
      "companyName": "Virtusa Consulting Services Pvt. Ltd.",
      "location": "Hyderabad, India",
      "start_date": "January 2022",
      "end_date": "May 2022",
      "caption": "",
      "points": [
        "Closed 120+ ServiceNow tickets within SLA, improving average resolution time by 20%.",
        "Automated recurring health checks and job monitoring scripts in Python, reducing manual effort by 10%."
      ]
    }
  ],
  "education": [
    {
      "institution": "University of North Texas",
      "degree": "Master of Science in Computer Science",
      "location": "Denton, TX",
      "start_date": "August 2023",
      "end_date": "May 2025",
      "gpa": "3.8/4.0",
      "gpa_out_off": ""
    },
    {
      "institution": "Geetanjali College of Engineering and Technology",
      "degree": "B.tech in Computer Science Engineering",
      "location": "Hyderabad, Telangana",
      "start_date": "June 2018",
      "end_date": "June 2022",
      "gpa": "8/10",
      "gpa_out_off": ""
    }
  ],
  "skills": [
    {
      "name": "Languages",
      "data": [
        "Python",
        "Java",
        "JavaScript",
        "TypeScript",
        "SQL",
        "NoSQL",
        "C++",
        "Bash"
      ]
    },
    {
      "name": "Frameworks & Technologies",
      "data": [
        "Spring Boot",
        "React",
        "Redux",
        "Next.js",
        "Django",
        "MDF",
        "AWS CDK",
        "Lambda",
        "Step Functions",
        "Docker",
        "Kubernetes"
      ]
    },
    {
      "name": "DevOps & Cloud",
      "data": [
        "AWS (EC2, S3, SNS, SQS, CloudWatch)",
        "Jenkins",
        "GCP",
        "Control-M",
        "Git",
        "Bitbucket"
      ]
    },
    {
      "name": "Database",
      "data": [
        "PostgreSQL",
        "MongoDB",
        "Redis"
      ]
    },
    {
      "name": "Tools & Practices",
      "data": [
        "Agile",
        "Jira",
        "Confluence",
        "CI/CD",
        "REST API design",
        "HL7/patient data (healthcare exposure)"
      ]
    },
    {
      "name": "CRM/Other",
      "data": [
        "Salesforce Admin Certified",
        "ITIL Foundation",
        "ServiceNow",
        "Informatica Cloud"
      ]
    }
  ],
  "projects": [
    {
      "projectName": "Smart Home Automation",
      "caption": "An IoT based home automation system controlled via mobile app and voice assistants.",
      "location": "Hyderabad, India",
      "start_date": "November 2021",
      "end_date": "April 2022",
      "url": "",
      "projectDetails": [
        "Developed and designed Smart Home Automation where existing appliances are connected online. Focused on creating a user-friendly IoT based system to control home components via internet.",
        "System includes a mobile app developed in Flutter for controlling home appliances.",
        "Integrated voice assistants like Google Assistant and Alexa for voice-controlled operations."
      ],
      "externalSources": [],
      "technologiesUsed": [
        "Flutter",
        "IoT",
        "Assembly Language"
      ]
    },
    {
      "projectName": "Music Recommendation System",
      "caption": "Emotion recognition system that recommends music based on user emotions.",
      "location": "Hyderabad, India",
      "start_date": "August 2021",
      "end_date": "January 2022",
      "url": "",
      "projectDetails": [
        "Developed an emotion recognition system using YOLO3 and TensorFlow to identify different emotions.",
        "Designed a web interface using Django framework.",
        "Captured user emotions with OpenCV and sent data to the CNN model to predict emotions.",
        "Recommends songs from YouTube, Spotify, Amazon Prime Music via APIs based on predicted emotions."
      ],
      "externalSources": [],
      "technologiesUsed": [
        "YOLO3",
        "TensorFlow",
        "OpenCV",
        "Django"
      ]
    }
  ],
  "certifications": [
    {
      "name": "Salesforce Certified Administrator",
      "issuing_organization": "Salesforce",
      "issue_date": "April 2025",
      "expiration_date": "",
      "credential_id": "",
      "url": ""
    },
    {
      "name": "ITIL Foundation Certificate in IT Service Management",
      "issuing_organization": "AXELOS",
      "issue_date": "April 2022",
      "expiration_date": "",
      "credential_id": "",
      "url": ""
    }
  ],
  "awards": [],
  "extracurricular/achievements": [
    {
      "name": "Event Manager of Bhaswara 2021",
      "type": "Event Management",
      "location": "GCET Hyd",
      "date": "April 2021",
      "description": "Organized and managed the Bhaswara 2021 event at GCET Hyd."
    },
    {
      "name": "Event Manager of Bhaswara 2022",
      "type": "Event Management",
      "location": "GCET Hyd",
      "date": "April 2022",
      "description": "Organized and managed the Bhaswara 2022 event at GCET Hyd."
    }
  ],
  "languages": []
}