{
  "personal_information": {
    "name": "Naga Shivani Pinnamaraju",
    "email": "shivanipinnamaraju@gmail.com",
    "phone": "940-344-4002",
    "location": "Argyle, TX 76226",
    "socials": [
      {
        "name": "LinkedIn",
        "link": "https://linkedin.com/in/shivani-pinnamaraju"
      }
    ]
  },
  "summary": "Results-driven Software Engineer with graduate-level CS training and 2+ years of hands-on experience building resilient, data-intensive and cloud-native applications. Proficient in Python, Java/Spring Boot, JavaScript, SQL, AWS, and Kubernetes, with a strong DevOps mindset (CI/CD, Docker, Git). Delivered REST APIs, real-time streaming services and full-stack features used by thousands of end users while maintaining 98% uptime. Adept at collaborating with cross-functional teams, and rapidly learning domain-specific tech.",
  "education": [
    {
      "institution": "University of North Texas",
      "degree": "Master of Science in Computer Science",
      "location": "Denton, TX",
      "start_date": "August 2023",
      "end_date": "May 2025",
      "gpa": "3.8",
      "gpa_out_off": "4.0"
    },
    {
      "institution": "Geetanjali College of Engineering and Technology",
      "degree": "B.tech in Computer Science Engineering",
      "location": "Hyderabad, Telangana",
      "start_date": "June 2018",
      "end_date": "June 2022",
      "gpa": "8",
      "gpa_out_off": "10"
    }
  ],
  "certifications": [
    {
      "name": "Salesforce Certified Administrator",
      "issuing_organization": "",
      "issue_date": "April- 2025",
      "expiration_date": "",
      "credential_id": "",
      "url": ""
    },
    {
      "name": "ITIL Foundation Certificate in IT Service Management",
      "issuing_organization": "",
      "issue_date": "April-2022",
      "expiration_date": "",
      "credential_id": "",
      "url": ""
    }
  ],
  "experiences": [
    {
      "designation": "Associate Engineer",
      "companyName": "Virtusa Consulting Services Pvt. Ltd.",
      "location": "Hyderabad, India",
      "start_date": "Jun 2022",
      "end_date": "Jul 2023",
      "caption": "",
      "points": [
        "Supported mission-critical healthcare applications (TruCare, QlikView) achieving ”98%” system uptime by proactively monitoring more than 100 scheduled Control-M jobs daily.",
        "Diagnosed and resolved application incidents, cutting average response time by 15% through root-cause analysis and SQL data fixes.",
        "Collaborated with cross-functional teams to tune Informatica Cloud pipelines, improving data load performance by 20%.",
        "Documented standard operating procedures for L2 support, enabling faster onboarding of new team members."
      ]
    },
    {
      "designation": "Intern",
      "companyName": "Virtusa Consulting Services Pvt. Ltd.",
      "location": "Hyderabad, India",
      "start_date": "Jan 2022",
      "end_date": "May 2022",
      "caption": "",
      "points": [
        "Closed 120+ ServiceNow tickets within SLA, improving average resolution time by 20%.",
        "Automated recurring health checks and job monitoring scripts in Python, reducing manual effort 10%."
      ]
    }
  ],
  "projects": [
    {
      "projectName": "Smart Home Automation",
      "caption": "",
      "location": "Geethanjali College of Engineering",
      "start_date": "November 2021",
      "end_date": "April 2022",
      "url": "",
      "projectDetails": [
        "Developed and designed Smart Home Automation where we take existing appliances to online. It specifically focuses on the development of a user friendly IOT based home automation system that is able to control various components inside home via internet",
        "System consists of mobile app which was developed in flutter where u can control the home applications through the app",
        "Integration with Voice Assistants like Google Assistant, Alexa. Where u can control the home applications using the devices which support these voice assistants"
      ],
      "externalSources": [],
      "technologiesUsed": [
        "Flutter",
        "IOT",
        "Assembly Language"
      ]
    },
    {
      "projectName": "Music Recommendation System",
      "caption": "",
      "location": "Geethanjali College of Engineering",
      "start_date": "August 2021",
      "end_date": "January 2022",
      "url": "",
      "projectDetails": [
        "Developed an Emotion Recognition System using YOLO3 and TensorFlow where the model can recognise different types of emotions",
        "Designed a web interface using Django framework",
        "Capturing the users emotions using OpenCV and sending it the model feed. This CNN model here predicts the emotions from the images and then recommends songs based on these predicted emotions",
        "Based on these prediction user is then recommened songs on websites like YouTube, Spotify, Amazon Prime Music using their API’s"
      ],
      "externalSources": [],
      "technologiesUsed": [
        "YOLO3",
        "TensorFlow",
        "Django",
        "OpenCV",
        "CNN"
      ]
    }
  ],
  "skills": [
    {
      "name": "Languages",
      "data": [
        "Python",
        "Java",
        "JavaScript",
        "SQL",
        "NoSQL",
        "Redis",
        "C++",
        "ReactJs",
        "Redux",
        "NextJs",
        "postgres",
        "mongo"
      ]
    },
    {
      "name": "Developer Tools",
      "data": [
        "Jenkins",
        "Kubernetes",
        "Splunk",
        "AWS",
        "GCP",
        "Docker",
        "VS Code",
        "MS Office"
      ]
    },
    {
      "name": "Technologies/Frameworks",
      "data": [
        "Springboot",
        "Asynchronous Java",
        "React",
        "MDF Framework",
        "Arduino",
        "Django"
      ]
    },
    {
      "name": "CRM (secondary skill)",
      "data": [
        "Salesforce Certified Administrator – fundamentals of Sales Cloud, Flows, SOQL"
      ]
    },
    {
      "name": "Project methodology Management tools",
      "data": [
        "Model:- Agile, Waterfall",
        "Management Tools:- Jira, Bitbucket, Git, Notion, Confluence"
      ]
    }
  ],
  "extracurricular/achievements": [
    {
      "name": "Event Manager of Bhaswara 2021",
      "type": "Event Manager",
      "location": "GCET Hyd",
      "date": "April 2021",
      "description": ""
    },
    {
      "name": "Event Manager of Bhaswara 2022",
      "type": "Event Manager",
      "location": "GCET Hyd",
      "date": "April 2022",
      "description": ""
    }
  ],
  "languages": []
}