{
  "personal_information": {
    "name": "Naga  Shivani  Pinnamaraju",
    "email": "shivanipinnamaraju@gmail.com",
    "phone": "940-344-4002",
    "location": "Argyle, TX 76226",
    "socials": [
      {
        "name": "linkedin",
        "link": "https://www.linkedin.com/in/shivani-pinnamaraju"
      }
    ]
  },
  "summary": "Detail-oriented and solution-driven Software Engineer with 2+ years of experience in full-stack development, cloud-native systems, and DevOps. Adept in Python, Java/Spring Boot, JavaScript, and AWS, with a strong foundation in designing and deploying scalable software solutions. Proven ability to work independently on end-to-end feature development, from definition to deployment. Experience includes maintaining healthcare systems with high uptime and implementing automation to streamline operations. Committed to writing clean, well-documented code while collaborating with cross-functional teams in Agile environments.",
  "experiences": [
    {
      "designation": "Associate Engineer",
      "companyName": "Virtusa Consulting Services Pvt. Ltd.",
      "location": "Hyderabad,  India",
      "start_date": "Jun 2022",
      "end_date": "Jul 2023",
      "points": [
        "Supported mission-critical healthcare applications (TruCare, QlikView), achieving 98% system uptime through proactive monitoring of 100+ scheduled Control-M jobs daily.",
        "Diagnosed and resolved application incidents, decreasing average response time by 15% through root-cause analysis and SQL data fixes.",
        "Collaborated with cross-functional teams to optimize Informatica Cloud pipelines, enhancing data load performance by 20%.",
        "Developed and maintained standard operating procedures for L2 support, expediting the onboarding process for new team members."
      ]
    },
    {
      "designation": "Intern",
      "companyName": "Virtusa Consulting Services Pvt. Ltd.",
      "location": "Hyderabad,  India",
      "start_date": "Jan 2022",
      "end_date": "May 2022",
      "points": [
        "Resolved over 120 ServiceNow tickets within SLA guidelines, improving average resolution time by 20%.",
        "Automated recurring health checks and job monitoring scripts using Python, reducing manual effort by 10%."
      ]
    }
  ],
  "education": [
    {
      "institution": "University of North Texas",
      "degree": "Master of Science in Computer Science",
      "location": "Denton, TX",
      "start_date": "August 2023",
      "end_date": "May 2025",
      "gpa": "3.8",
      "gpa_out_off": "4.0"
    },
    {
      "institution": "Geetanjali College of Engineering and Technology",
      "degree": "B.tech in Computer Science Engineering",
      "location": "Hyderabad,  Telangana",
      "start_date": "June 2018",
      "end_date": "June 2022",
      "gpa": "8",
      "gpa_out_off": "10"
    }
  ],
  "skills": [
    {
      "name": "Programming Languages",
      "data": [
        "Python",
        "Java",
        "JavaScript",
        "TypeScript",
        "SQL",
        "NoSQL",
        "C++",
        "Bash"
      ]
    },
    {
      "name": "Frameworks & Technologies",
      "data": [
        "Spring Boot",
        "React",
        "Redux",
        "Next.js",
        "Django",
        "MDF",
        "AWS CDK",
        "Lambda",
        "Step Functions",
        "Docker",
        "Kubernetes"
      ]
    },
    {
      "name": "Cloud & DevOps",
      "data": [
        "AWS (EC2, S3, SNS, SQS, CloudWatch)",
        "Jenkins",
        "GCP",
        "Control-M",
        "Git",
        "Bitbucket",
        "CI/CD"
      ]
    },
    {
      "name": "Databases",
      "data": [
        "PostgreSQL",
        "MongoDB",
        "Redis"
      ]
    },
    {
      "name": "Tools & Methodologies",
      "data": [
        "Agile",
        "Waterfall",
        "Jira",
        "Confluence",
        "REST API design",
        "ServiceNow",
        "Informatica Cloud"
      ]
    }
  ],
  "projects": [
    {
      "projectName": "Smart Home Automation",
      "location": "Geethanjali College of Engineering\tHyderabad,  India",
      "start_date": "November 2021",
      "end_date": "April 2022",
      "projectDetails": [
        "Developed and designed a user-friendly IoT-based Smart Home Automation system enabling control of various home components via the internet.",
        "Designed a mobile application using Flutter for remote control of home appliances.",
        "Integrated the system with voice assistants such as Google Assistant and Alexa for voice-controlled operation.",
        "Utilized Flutter, IoT, and Assembly Language technologies."
      ]
    },
    {
      "projectName": "Music Recommendation System",
      "location": "Geethanjali College of Engineering\tHyderabad,  India",
      "start_date": "August 2021",
      "end_date": "January 2022",
      "projectDetails": [
        "Developed an Emotion Recognition System using YOLOv3 and TensorFlow to recognize various emotions from user images.",
        "Designed a web interface using the Django framework.",
        "Captured user emotions using OpenCV, fed them into a CNN model for emotion prediction, and recommended songs based on predicted emotions.",
        "Recommended songs from platforms like YouTube, Spotify, and Amazon Prime Music using their APIs."
      ]
    }
  ],
  "certifications": [
    {
      "name": "Salesforce Certified Administrator",
      "issuing_organization": "Salesforce",
      "issue_date": "April- 2025",
      "expiration_date": null,
      "credential_id": null,
      "url": null
    },
    {
      "name": "ITIL Foundation Certificate in IT Service Management",
      "issuing_organization": "ITIL",
      "issue_date": "April-2022",
      "expiration_date": null,
      "credential_id": null,
      "url": null
    }
  ],
  "awards": [],
  "extracurricular/achievements": [
    {
      "name": "Event Manager of Bhaswara 2021",
      "type": "Event Manager",
      "location": "GCET Hyd",
      "date": "April 2021",
      "description": "Managed and coordinated events for Bhaswara 2021."
    },
    {
      "name": "Event Manager of Bhaswara 2022",
      "type": "Event Manager",
      "location": "GCET Hyd",
      "date": "April 2022",
      "description": "Managed and coordinated events for Bhaswara 2022."
    }
  ],
  "languages": [
    {
      "language": "English",
      "proficiency": "Native"
    }
  ]
}