{
  "personal_information": {
    "name": "Naga  Shivani  Pinnamaraju",
    "email": "shivanipinnamaraju@gmail.com",
    "phone": "940-344-4002",
    "location": "Argyle, TX 76226",
    "socials": [
      {
        "name": "linkedin",
        "link": "https://www.linkedin.com/in/shivani-pinnamaraju"
      }
    ]
  },
  "summary": "Detail-oriented Software Engineer with 2+ years of experience in full-stack development, cloud-native systems, and DevOps practices. Proficient in Python, Java/Spring Boot, and JavaScript. Adept at designing and deploying scalable software solutions on AWS. Proven ability to independently develop features from inception to deployment, with a focus on maintaining high uptime and implementing automation to streamline operations. Strong communicator and collaborator within Agile environments, committed to producing clean, well-documented code.",
  "experiences": [
    {
      "designation": "Associate Engineer",
      "companyName": "Virtusa Consulting Services Pvt. Ltd.",
      "location": "Hyderabad,  India",
      "start_date": "Jun 2022",
      "end_date": "Jul 2023",
      "points": [
        "Maintained mission-critical healthcare applications (TruCare, QlikView) achieving 98% system uptime by proactively monitoring 100+ scheduled Control-M jobs daily.",
        "Diagnosed and resolved application incidents, decreasing average response time by 15% through root-cause analysis and SQL data fixes.",
        "Collaborated with cross-functional teams to tune Informatica Cloud pipelines, resulting in a 20% improvement in data load performance.",
        "Created comprehensive standard operating procedures for L2 support, accelerating the onboarding process for new team members."
      ]
    },
    {
      "designation": "Intern",
      "companyName": "Virtusa Consulting Services Pvt. Ltd.",
      "location": "Hyderabad,  India",
      "start_date": "Jan 2022",
      "end_date": "May 2022",
      "points": [
        "Resolved 120+ ServiceNow tickets within SLA, improving average resolution time by 20%.",
        "Automated recurring health checks and job monitoring scripts using Python, reducing manual effort by 10%."
      ]
    }
  ],
  "education": [
    {
      "institution": "University of North Texas",
      "degree": "Master of Science in Computer Science",
      "location": "Denton, TX",
      "start_date": "August 2023",
      "end_date": "May 2025",
      "gpa": "3.8",
      "gpa_out_off": "4.0"
    },
    {
      "institution": "Geetanjali College of Engineering and Technology",
      "degree": "B.tech in Computer Science Engineering",
      "location": "Hyderabad,  Telangana",
      "start_date": "June 2018",
      "end_date": "June 2022",
      "gpa": "8",
      "gpa_out_off": "10"
    }
  ],
  "skills": [
    {
      "name": "Programming Languages",
      "data": [
        "Python",
        "Java",
        "JavaScript",
        "TypeScript",
        "SQL",
        "NoSQL",
        "C++",
        "Bash"
      ]
    },
    {
      "name": "Frameworks & Technologies",
      "data": [
        "Spring Boot",
        "React",
        "Redux",
        "Next.js",
        "Django",
        "MDF",
        "AWS CDK",
        "Lambda",
        "Step Functions",
        "Docker",
        "Kubernetes"
      ]
    },
    {
      "name": "Cloud Technologies & DevOps",
      "data": [
        "AWS (EC2, S3, SNS, SQS, CloudWatch)",
        "Jenkins",
        "GCP",
        "Control-M",
        "Git",
        "Bitbucket",
        "CI/CD"
      ]
    },
    {
      "name": "Databases",
      "data": [
        "PostgreSQL",
        "MongoDB",
        "Redis"
      ]
    },
    {
      "name": "Tools & Methodologies",
      "data": [
        "Agile",
        "Jira",
        "Confluence",
        "REST API design",
        "ServiceNow",
        "Informatica Cloud"
      ]
    },
    {
      "name": "Other Skills",
      "data": [
        "Salesforce Administration",
        "ITIL Foundation",
        "HL7/patient data (healthcare)"
      ]
    }
  ],
  "projects": [
    {
      "projectName": "Smart Home Automation",
      "location": "Geethanjali College of Engineering\tHyderabad,  India",
      "projectDetails": [
        "Developed a user-friendly IoT-based home automation system to control appliances via the internet.",
        "Created a mobile app in Flutter for remote control of home appliances.",
        "Integrated with voice assistants like Google Assistant and Alexa for voice-controlled automation."
      ],
      "start_date": "November 2021",
      "end_date": "April 2022"
    },
    {
      "projectName": "Music Recommendation System",
      "location": "Geethanjali College of Engineering\tHyderabad,  India",
      "projectDetails": [
        "Developed an Emotion Recognition System using YOLOv3 and TensorFlow to recognize different types of emotions.",
        "Designed a web interface using Django framework.",
        "Captured user emotions using OpenCV and fed them into the CNN model, which then recommends songs based on the predicted emotions.",
        "Recommended songs on platforms like YouTube, Spotify, and Amazon Prime Music using their APIs."
      ],
      "start_date": "August 2021",
      "end_date": "January 2022"
    }
  ],
  "certifications": [
    {
      "name": "Salesforce Certified Administrator",
      "issuing_organization": "Salesforce",
      "issue_date": "April- 2025",
      "expiration_date": null,
      "credential_id": null,
      "url": null
    },
    {
      "name": "ITIL Foundation Certificate in IT Service Management",
      "issuing_organization": "ITIL",
      "issue_date": "April-2022",
      "expiration_date": null,
      "credential_id": null,
      "url": null
    }
  ],
  "awards": [],
  "extracurricular/achievements": [
    {
      "name": "Event Manager of Bhaswara 2021",
      "type": "Event Manager",
      "location": "GCET Hyd",
      "date": "April 2021",
      "description": null
    },
    {
      "name": "Event Manager of Bhaswara 2022",
      "type": "Event Manager",
      "location": "GCET Hyd",
      "date": "April 2022",
      "description": null
    }
  ],
  "languages": [
    {
      "language": "English",
      "proficiency": "Native"
    }
  ]
}