{
  "personal_information": {
    "name": "Naga  Shivani  Pinnamaraju",
    "email": "shivanipinnamaraju@gmail.com",
    "phone": "940-344-4002",
    "location": "Argyle, TX 76226",
    "socials": [
      {
        "name": "linkedin",
        "link": "https://www.linkedin.com/in/shivani-pinnamaraju"
      }
    ]
  },
  "summary": "Solution-driven Software Engineer with 2+ years of experience in full-stack development, cloud-native systems, and DevOps. Proficient in Python, Java/Spring Boot, and JavaScript, complemented by a strong understanding of AWS services. Demonstrated ability to independently manage end-to-end feature development, from initial design to final deployment, ensuring scalable and maintainable software solutions. Proven track record of maintaining high uptime for critical healthcare systems and implementing automation to optimize operational efficiency in Agile environments.",
  "experiences": [
    {
      "designation": "Associate Engineer",
      "companyName": "Virtusa Consulting Services Pvt. Ltd.",
      "location": "Hyderabad,  India",
      "start_date": "Jun 2022",
      "end_date": "Jul 2023",
      "points": [
        "Maintained mission-critical healthcare applications (TruCare, QlikView), achieving 98% system uptime through proactive monitoring of over 100 daily scheduled Control-M jobs.",
        "Reduced average incident response time by 15% by diagnosing and resolving application incidents through root-cause analysis and SQL data fixes.",
        "Improved data load performance by 20% through collaboration with cross-functional teams to tune Informatica Cloud pipelines.",
        "Enhanced L2 support onboarding by creating comprehensive standard operating procedures."
      ]
    },
    {
      "designation": "Intern",
      "companyName": "Virtusa Consulting Services Pvt. Ltd.",
      "location": "Hyderabad,  India",
      "start_date": "Jan 2022",
      "end_date": "May 2022",
      "points": [
        "Improved average resolution time by 20% by closing over 120 ServiceNow tickets within SLA.",
        "Reduced manual effort by 10% by automating recurring health checks and job monitoring scripts using Python."
      ]
    }
  ],
  "education": [
    {
      "institution": "University of North Texas",
      "degree": "Master of Science in Computer Science",
      "location": "Denton, TX",
      "start_date": "August 2023",
      "end_date": "May 2025",
      "gpa": "3.8",
      "gpa_out_off": "4.0"
    },
    {
      "institution": "Geetanjali College of Engineering and Technology",
      "degree": "B.tech in Computer Science Engineering",
      "location": "Hyderabad,  Telangana",
      "start_date": "June 2018",
      "end_date": "June 2022",
      "gpa": "8",
      "gpa_out_off": "10"
    }
  ],
  "skills": [
    {
      "name": "Programming Languages",
      "data": [
        "Python",
        "Java",
        "JavaScript",
        "TypeScript",
        "SQL",
        "NoSQL",
        "C++",
        "Bash"
      ]
    },
    {
      "name": "Frameworks & Technologies",
      "data": [
        "Spring Boot",
        "React",
        "Redux",
        "Next.js",
        "Django",
        "MDF",
        "AWS CDK",
        "Lambda",
        "Step Functions",
        "Docker",
        "Kubernetes"
      ]
    },
    {
      "name": "Cloud Technologies",
      "data": [
        "AWS (EC2, S3, SNS, SQS, CloudWatch)",
        "GCP"
      ]
    },
    {
      "name": "DevOps Tools",
      "data": [
        "Jenkins",
        "Control-M",
        "Git",
        "Bitbucket",
        "CI/CD"
      ]
    },
    {
      "name": "Databases",
      "data": [
        "PostgreSQL",
        "MongoDB",
        "Redis"
      ]
    },
    {
      "name": "Project Management & Collaboration",
      "data": [
        "Agile",
        "Jira",
        "Confluence"
      ]
    },
    {
      "name": "Other Tools & Technologies",
      "data": [
        "REST API design",
        "HL7/patient data",
        "Informatica Cloud",
        "ServiceNow"
      ]
    },
    {
      "name": "Certifications",
      "data": [
        "Salesforce Admin Certified",
        "ITIL Foundation"
      ]
    }
  ],
  "projects": [
    {
      "projectName": "Smart Home Automation",
      "location": "Geethanjali College of Engineering\tHyderabad,  India",
      "start_date": "November 2021",
      "end_date": "April 2022",
      "projectDetails": [
        "Developed and designed Smart Home Automation where we take existing appliances to online. It specifically focuses on\nthe development of a user friendly IOT based home automation system that is able to control various components inside\nhome via internet",
        "System consists of mobile app which was developed in flutter where u can control the home applications through the app",
        "Integrated with Voice Assistants like Google Assistant, Alexa to enable control of home applications using voice commands.",
        "Utilized Flutter, IOT, and Assembly Language in the development of the project."
      ]
    },
    {
      "projectName": "Music Recommendation System",
      "location": "Geethanjali College of Engineering\tHyderabad,  India",
      "start_date": "August 2021",
      "end_date": "January 2022",
      "projectDetails": [
        "Developed an Emotion Recognition System using YOLO3 and TensorFlow where the model can recognise different types\nof emotions",
        "Designed a web interface using Django framework",
        "Captured user emotions using OpenCV and fed them into a CNN model, which predicted emotions from the images and recommended songs based on these predictions.",
        "Recommended songs on platforms like YouTube, Spotify, and Amazon Prime Music using their respective APIs based on emotion predictions."
      ]
    }
  ],
  "certifications": [
    {
      "name": "Salesforce Certified Administrator",
      "issuing_organization": "Salesforce",
      "issue_date": "April- 2025",
      "expiration_date": null,
      "credential_id": null,
      "url": null
    },
    {
      "name": "ITIL Foundation Certificate in IT Service Management",
      "issuing_organization": null,
      "issue_date": "April-2022",
      "expiration_date": null,
      "credential_id": null,
      "url": null
    }
  ],
  "awards": [],
  "extracurricular/achievements": [
    {
      "name": "Event Manager of Bhaswara 2021",
      "type": "Event Manager",
      "location": "GCET Hyd",
      "date": "April 2021",
      "description": null
    },
    {
      "name": "Event Manager of Bhaswara 2022",
      "type": "Event Manager",
      "location": "GCET Hyd",
      "date": "April 2022",
      "description": null
    }
  ],
  "languages": [
    {
      "language": "English",
      "proficiency": "Native"
    }
  ]
}