{
  "personal_information": {
    "name": "Naga Shivani Pinnamaraju",
    "email": "shivanipinnamaraju@gmail.com",
    "phone": "940-344-4002",
    "location": "Argyle, TX 76226",
    "socials": [
      {
        "name": "linkedin",
        "link": "https://www.linkedin.com/in/shivani-pinnamaraju"
      }
    ]
  },
  "summary": "Highly motivated and detail-oriented Software Engineer with 2+ years of experience in full-stack development, cloud-native systems, and DevOps practices. Proficient in utilizing Python, Java/Spring Boot, JavaScript, and AWS to design and deploy scalable software solutions. Demonstrated ability to independently manage end-to-end feature development, from initial conception to successful deployment. Proven experience in maintaining high-uptime healthcare systems and implementing automation to optimize operational efficiency. A collaborative team player with a commitment to writing clean, well-documented code in Agile environments.",
  "experiences": [
    {
      "designation": "Associate Engineer",
      "companyName": "Virtusa Consulting Services Pvt. Ltd.",
      "location": "Hyderabad,  India",
      "start_date": "Jun 2022",
      "end_date": "Jul 2023",
      "points": [
        "Maintained mission-critical healthcare applications (TruCare, QlikView), ensuring 98% system uptime through proactive monitoring of over 100 daily Control-M scheduled jobs.",
        "Reduced average incident response time by 15% by diagnosing and resolving application incidents through root-cause analysis and SQL data fixes.",
        "Improved data load performance by 20% by collaborating with cross-functional teams to tune Informatica Cloud pipelines.",
        "Accelerated new team member onboarding by creating comprehensive standard operating procedures for L2 support."
      ]
    },
    {
      "designation": "Intern",
      "companyName": "Virtusa Consulting Services Pvt. Ltd.",
      "location": "Hyderabad,  India",
      "start_date": "Jan 2022",
      "end_date": "May 2022",
      "points": [
        "Improved average resolution time by 20% by successfully closing 120+ ServiceNow tickets within established SLAs.",
        "Reduced manual effort by 10% by automating recurring health checks and job monitoring scripts using Python."
      ]
    }
  ],
  "education": [
    {
      "institution": "University of North Texas",
      "degree": "Master of Science in Computer Science",
      "location": "Denton, TX",
      "start_date": "August 2023",
      "end_date": "May 2025",
      "gpa": "3.8",
      "gpa_out_off": "4.0"
    },
    {
      "institution": "Geetanjali College of Engineering and Technology",
      "degree": "B.tech in Computer Science Engineering",
      "location": "Hyderabad,  Telangana",
      "start_date": "June 2018",
      "end_date": "June 2022",
      "gpa": "8",
      "gpa_out_off": "10"
    }
  ],
  "skills": [
    {
      "name": "Programming Languages",
      "data": [
        "Python",
        "Java",
        "JavaScript",
        "TypeScript",
        "SQL",
        "NoSQL",
        "C++",
        "Bash"
      ]
    },
    {
      "name": "Frameworks & Technologies",
      "data": [
        "Spring Boot",
        "React",
        "Redux",
        "Next.js",
        "Django",
        "MDF",
        "AWS CDK",
        "Lambda",
        "Step Functions",
        "Docker",
        "Kubernetes"
      ]
    },
    {
      "name": "Cloud Computing & DevOps",
      "data": [
        "AWS (EC2, S3, SNS, SQS, CloudWatch)",
        "Jenkins",
        "GCP",
        "Control-M",
        "Git",
        "Bitbucket",
        "CI/CD"
      ]
    },
    {
      "name": "Databases",
      "data": [
        "PostgreSQL",
        "MongoDB",
        "Redis"
      ]
    },
    {
      "name": "Tools & Methodologies",
      "data": [
        "Agile",
        "Jira",
        "Confluence",
        "REST API design",
        "ServiceNow",
        "Informatica Cloud"
      ]
    },
    {
      "name": "Other Skills",
      "data": [
        "Salesforce Administration",
        "ITIL Foundation"
      ]
    }
  ],
  "projects": [
    {
      "projectName": "Smart Home Automation",
      "location": "Geethanjali College of Engineering\tHyderabad,  India",
      "start_date": "November 2021",
      "end_date": "April 2022",
      "projectDetails": [
        "Developed a user-friendly IoT-based home automation system to control various components via the internet, focusing on enabling existing appliances to be controlled online.",
        "Developed a mobile app in Flutter for controlling home applications.",
        "Integrated voice assistants (Google Assistant, Alexa) to enable voice control of home applications through compatible devices.",
        "Utilized Flutter, IOT, and Assembly Language for project implementation."
      ],
      "technologiesUsed": [
        "Flutter",
        "IOT",
        "Assembly Language"
      ]
    },
    {
      "projectName": "Music Recommendation System",
      "location": "Geethanjali College of Engineering\tHyderabad,  India",
      "start_date": "August 2021",
      "end_date": "January 2022",
      "projectDetails": [
        "Developed an Emotion Recognition System using YOLO3 and TensorFlow to recognize different types of emotions.",
        "Designed a web interface using the Django framework.",
        "Captured user emotions using OpenCV and fed them into the emotion recognition model. The CNN model predicted emotions from images and recommended songs based on these predictions.",
        "Recommended songs on platforms like YouTube, Spotify, and Amazon Prime Music using their APIs based on emotion predictions."
      ]
    }
  ],
  "certifications": [
    {
      "name": "Salesforce Certified Administrator",
      "issuing_organization": "Salesforce",
      "issue_date": "April- 2025",
      "expiration_date": null,
      "credential_id": null,
      "url": null
    },
    {
      "name": "ITIL Foundation Certificate in IT Service Management",
      "issuing_organization": "AXELOS",
      "issue_date": "April-2022",
      "expiration_date": null,
      "credential_id": null,
      "url": null
    }
  ],
  "awards": [],
  "extracurricular/achievements": [
    {
      "name": "Event Manager of Bhaswara 2021",
      "type": "Event Manager",
      "location": "GCET Hyd",
      "date": "April 2021",
      "description": "Managed and coordinated events for Bhaswara 2021, contributing to a successful event execution."
    },
    {
      "name": "Event Manager of Bhaswara 2022",
      "type": "Event Manager",
      "location": "GCET Hyd",
      "date": "April 2022",
      "description": "Managed and coordinated events for Bhaswara 2022, contributing to a successful event execution."
    }
  ],
  "languages": [
    {
      "language": "English",
      "proficiency": "Native"
    },
    {
      "language": "Telugu",
      "proficiency": "Native"
    },
    {
      "language": "Hindi",
      "proficiency": "Conversational"
    }
  ]
}