{
  "personal_information": {
    "name": "Naga Shivani Pinnamaraju",
    "email": "shivanipinnamaraju@gmail.com",
    "phone": "940-344-4002",
    "location": "Argyle, TX 76226",
    "socials": [
      {
        "name": "linkedin",
        "link": "https://www.linkedin.com/in/shivani-pinnamaraju"
      }
    ]
  },
  "summary": "Detail-oriented and solution-driven Software Engineer with 2+ years of experience in full-stack development, cloud-native systems, and DevOps practices. Proficient in Python, Java/Spring Boot, JavaScript, and AWS cloud services, with a strong foundation in designing and deploying scalable software solutions. Proven ability to work independently on end-to-end feature development, from definition to deployment, while adhering to Agile methodologies. Experience includes maintaining healthcare systems, ensuring high uptime, and implementing automation to streamline operations. Committed to writing clean, well-documented code and fostering collaboration with cross-functional teams.",
  "experiences": [
    {
      "designation": "Associate Engineer",
      "companyName": "Virtusa Consulting Services Pvt. Ltd.",
      "location": "Hyderabad, India",
      "start_date": "Jun 2022",
      "end_date": "Jul 2023",
      "points": [
        "Maintained mission-critical healthcare applications (TruCare, QlikView), achieving 98% system uptime by proactively monitoring over 100 scheduled Control-M jobs daily.",
        "Diagnosed and resolved application incidents, reducing average response time by 15% through root-cause analysis and SQL data fixes.",
        "Collaborated with cross-functional teams to optimize Informatica Cloud pipelines, improving data load performance by 20%.",
        "Developed comprehensive standard operating procedures for L2 support, enabling faster onboarding and knowledge transfer for new team members."
      ]
    },
    {
      "designation": "Intern",
      "companyName": "Virtusa Consulting Services Pvt. Ltd.",
      "location": "Hyderabad, India",
      "start_date": "Jan 2022",
      "end_date": "May 2022",
      "points": [
        "Resolved over 120 ServiceNow tickets within SLA guidelines, improving average resolution time by 20%.",
        "Automated recurring health checks and job monitoring scripts using Python, reducing manual effort by 10%."
      ]
    }
  ],
  "education": [
    {
      "institution": "University of North Texas",
      "degree": "Master of Science in Computer Science",
      "location": "Denton, TX",
      "start_date": "August 2023",
      "end_date": "May 2025",
      "gpa": "3.8",
      "gpa_out_off": "4.0"
    },
    {
      "institution": "Geetanjali College of Engineering and Technology",
      "degree": "B.tech in Computer Science Engineering",
      "location": "Hyderabad, Telangana",
      "start_date": "June 2018",
      "end_date": "June 2022",
      "gpa": "8",
      "gpa_out_off": "10"
    }
  ],
  "skills": [
    {
      "name": "Programming Languages",
      "data": [
        "Python",
        "Java",
        "JavaScript",
        "TypeScript",
        "SQL",
        "NoSQL",
        "C++",
        "Bash"
      ]
    },
    {
      "name": "Frameworks & Technologies",
      "data": [
        "Spring Boot",
        "React",
        "Redux",
        "Next.js",
        "Django",
        "MDF",
        "AWS CDK",
        "Lambda",
        "Step Functions",
        "Docker",
        "Kubernetes"
      ]
    },
    {
      "name": "Cloud & DevOps",
      "data": [
        "AWS (EC2, S3, SNS, SQS, CloudWatch)",
        "Jenkins",
        "GCP",
        "Control-M",
        "Git",
        "Bitbucket",
        "CI/CD"
      ]
    },
    {
      "name": "Databases",
      "data": [
        "PostgreSQL",
        "MongoDB",
        "Redis"
      ]
    },
    {
      "name": "Tools & Methodologies",
      "data": [
        "Agile",
        "Jira",
        "Confluence",
        "REST API design",
        "HL7/patient data (healthcare)",
        "Informatica Cloud",
        "ServiceNow",
        "ITIL Foundation"
      ]
    },
    {
      "name": "Other Skills",
      "data": [
        "Salesforce Administrator",
        "Problem Solving",
        "Communication",
        "Teamwork",
        "Documentation"
      ]
    }
  ],
  "projects": [
    {
      "projectName": "Smart Home Automation",
      "location": "Geethanjali College of Engineering, Hyderabad, India",
      "start_date": "November 2021",
      "end_date": "April 2022",
      "projectDetails": [
        "Developed and designed a Smart Home Automation system to remotely control existing appliances via the internet, focusing on a user-friendly IoT-based solution.",
        "Developed a mobile application using Flutter for controlling home appliances through a user-friendly interface.",
        "Integrated the system with voice assistants such as Google Assistant and Alexa, enabling voice control of home appliances.",
        "Utilized Flutter, IoT technologies, and Assembly Language for project implementation."
      ]
    },
    {
      "projectName": "Music Recommendation System",
      "location": "Geethanjali College of Engineering, Hyderabad, India",
      "start_date": "August 2021",
      "end_date": "January 2022",
      "projectDetails": [
        "Developed an Emotion Recognition System using YOLO3 and TensorFlow to recognize different types of emotions from user images.",
        "Designed and implemented a web interface using the Django framework for user interaction.",
        "Implemented OpenCV to capture user emotions, feeding the data to a CNN model that predicts emotions from images and recommends songs accordingly.",
        "Integrated with music platforms like YouTube, Spotify, and Amazon Prime Music using their APIs to recommend songs based on predicted emotions."
      ]
    }
  ],
  "certifications": [
    {
      "name": "Salesforce Certified Administrator",
      "issuing_organization": "Salesforce",
      "issue_date": "April- 2025",
      "expiration_date": null,
      "credential_id": null,
      "url": null
    },
    {
      "name": "ITIL Foundation Certificate in IT Service Management",
      "issuing_organization": null,
      "issue_date": "April-2022",
      "expiration_date": null,
      "credential_id": null,
      "url": null
    }
  ],
  "awards": [],
  "extracurricular/achievements": [
    {
      "name": "Event Manager of Bhaswara 2021",
      "type": "Event Manager",
      "location": "GCET Hyd",
      "date": "April 2021",
      "description": null
    },
    {
      "name": "Event Manager of Bhaswara 2022",
      "type": "Event Manager",
      "location": "GCET Hyd",
      "date": "April 2022",
      "description": null
    }
  ],
  "languages": [
    {
      "language": "English",
      "proficiency": "Professional"
    }
  ]
}