{
  "resume": {
    "contact_information": {
      "name": "Jane Doe",
      "email": "jane.doe@example.com",
      "phone": "555-123-4567",
      "linkedin": "linkedin.com/in/janedoe",
      "location": "Anytown, USA"
    },
    "professional_summary": "A highly analytical and results-driven marketing professional with 5+ years of experience in developing and executing successful marketing campaigns. Proven ability to increase brand awareness and drive customer engagement across various digital channels. Expertise in market research, data analysis, and strategic planning. Seeking a challenging role to leverage skills and contribute to the growth of a dynamic organization.",
    "work_experience": [
      {
        "title": "Marketing Specialist",
        "company": "ABC Company",
        "dates": "2018-Present",
        "description": "Developed and implemented marketing strategies to promote company products and services. Conducted market research to identify trends and opportunities. Managed social media accounts and created engaging content. Analyzed campaign performance and made data-driven decisions to optimize results."
      },
      {
        "title": "Marketing Intern",
        "company": "XYZ Company",
        "dates": "2017-2018",
        "description": "Assisted with the execution of marketing campaigns. Created marketing materials, including brochures and presentations. Provided support for trade shows and events."
      }
    ],
    "education": [
      {
        "institution": "University of Anytown",
        "degree": "Bachelor of Science in Marketing",
        "dates": "2014-2018"
      }
    ],
    "skills": [
      "Marketing Strategy",
      "Market Research",
      "Social Media Marketing",
      "Data Analysis",
      "Content Creation",
      "SEO/SEM",
      "Email Marketing",
      "Project Management",
      "Communication",
      "Teamwork"
    ],
    "certifications": [],
    "languages": [],
    "awards_achievements": []
  }
}