{
    "personal_information": {
        "name": "MALLARAPU PAVAN ABHINAV",
        "email": "mpabhinav1426@gmail.com",
        "phone": "+91-8919707712",
        "location": "Alwal, Hyderabad, Telangana 500010",
        "socials": [
            {
                "name": "LinkedIn",
                "link": "https://www.linkedin.com/in/abhinav1426/"
            },
            {
                "name": "github",
                "link": "https://github.com/Abhinav1426"
            },
            {
                "name": "Portfolio",
                "link": "https://amp.dev"
            }
        ]
    },
    "summary": "Results-driven Software Engineer with graduate-level CS training and 2+ years of hands-on experience building resilient, data-intensive and cloud-native applications. Proficient in Python, Java/Spring Boot, JavaScript, SQL, AWS, and Kubernetes, with a strong DevOps mindset (CI/CD, Docker, Git). Delivered REST APIs, real-time streaming services and full-stack features used by thousands of end users while maintaining 98% uptime. Adept at collaborating with cross-functional teams, and rapidly learning domain-specific tech",
    "experiences": [
        {
            "designation": "Product Developer",
            "companyName": "ADP",
            "location": "Hyderabad, India",
            "start_date": "June 2022",
            "end_date": "Present",
            "caption": "",
            "points": [
                "Resolved all security vulnerabilities of Smart Compliance Canada Application.",
                "Designed and Developed Application gateway for Smart Compliance Canada which handles all the traffic coming to the application written in Asynchronous Java.",
                "Developed services like Year End Tax Filing, ROE for Smart Compliance Canada.",
                "Managed and Upgraded the Springboot versions and JDK versions for all the microservices for Smart Compliance Canada.",
                "Reviewed the Designs and security vulnerabilities for Smart Compliance Canada.",
                "Fixed critical bugs and Optimized the performance of all the microservices of Smart Compliance Canada",
                "Developed Paygroup feature for the existing product services like wage payment, third party payments.",
                "Worked session management for Smart Compliance Canada application"
            ]
        }

    ],
    "education": [
        {
            "institution": "GEETANJALI COLLEGE OF ENGINEERING AND TECHNOLOGY",
            "degree": "Master of Science in Computer Science",
            "location": "Hyderabad, Telangana",
            "start_date": "June 2018",
            "end_date": "June 2022",
            "gpa": "7.34",
            "gpa_out_off": "10"
        },
        {
            "institution": "Narayana Junior College (ALWAL)",
            "degree": "Master of Science in Computer Science",
            "location": "Hyderabad, Telangana",
            "start_date": "",
            "end_date": "May 2016",
            "gpa": "71.7",
            "gpa_out_off": "100"
        }
    ],
    "skills": [
        {
            "name": "Languages",
            "data": [
                "Dart",
                "Java",
                "Javascript",
                "C",
                "Python",
                "C#",
                "SQL",
                "HTML",
                "CSS"
            ]
        },
        {
            "name": "Frameworks",
            "data": [
                "Flutter",
                "Firebase",
                "NodeJS",
                "Spring",
                "Spring boot",
                "Spring MVC",
                "Maven",
                "RESTful APIs"
            ]
        },
        {
            "name": "Developer Tools",
            "data": [
                "PostMan",
                "Maven",
                "Docker",
                "Kubernetes",
                "VS Code IDE",
                "MS Office",
                "Eclipse IDE"
            ]
        }
    ],
    "projects": [
        {
            "projectName": "Smart Home Automation",
            "caption": "Geethanjali College of Engineering",
            "location": "Hyderabad, India",
            "start_date": "November 20212",
            "end_date": "April 2022",
            "url": "",
            "projectDetails": [
                "Developed and designed Smart Home Automation where we take existing appliances to online. It specifically focuses on the development of a user friendly IOT based home automation system that is able to control various components inside home via internet",
                "System consists of mobile app which was developed in flutter where u can control the home applications through the app",
                "Integration with Voice Assistants like Google Assistant, Alexa. Where u can control the home applications using the devices which support these voice assistants"
            ],
            "externalSources": [
                {
                    "name": "PlayStore",
                    "link": "https://play.google.com/store/apps/details?id=com.aquelastudios.gymtracker"
                },
                {
                    "name": "GitHub",
                    "link": "https://github.com/vaishnavbusha/gymtracker"
                }
            ],
            "technologiesUsed": [
                "Flutter",
                "IOT",
                "Assembly Language"
            ]
        },
          {
            "projectName": "Smart Home Automation",
            "caption": "Geethanjali College of Engineering",
            "location": "Hyderabad, India",
            "start_date": "November 20212",
            "end_date": "April 2022",
            "url": "",
            "projectDetails": [
                "Developed and designed Smart Home Automation where we take existing appliances to online. It specifically focuses on the development of a user friendly IOT based home automation system that is able to control various components inside home via internet",
                "System consists of mobile app which was developed in flutter where u can control the home applications through the app",
                "Integration with Voice Assistants like Google Assistant, Alexa. Where u can control the home applications using the devices which support these voice assistants"
            ],
            "externalSources": [
                {
                    "name": "PlayStore",
                    "link": "https://play.google.com/store/apps/details?id=com.aquelastudios.gymtracker"
                },
                {
                    "name": "GitHub",
                    "link": "https://github.com/vaishnavbusha/gymtracker"
                }
            ],
            "technologiesUsed": [
                "Flutter",
                "IOT",
                "Assembly Language"
            ]
        }
    ],
    "certifications": [
        {
            "name": "AWS Solution architect",
            "issuing_organization": "Amazon",
            "issue_date": "2025-02-07",
            "expiration_date": "2030-01-30",
            "credential_id": "a2b0f912-8d4c-40f2-be00-288cfa1f5711",
            "url": "https://casfagfgwrgas.com"
        }
    ],
    "awards": [
        {
            "name": "Winner Jumpstart Hackathon ADP",
            "type": "ADP",
            "location": "Hyderabad, India",
            "date": "April 2022",
            "description": "Winner"
        }
    ],
    "extracurricular/achievements": [
        {
            "name": "Event Manager of Bhaswara 2021",
            "type": "Geethanjali College of Engineering",
            "location": "Hyderabad, India",
            "date": "April 2021",
            "description": "Event Manager"
        },
        {
            "name": "Event Manager of Bhaswara 2022",
            "type": "Geethanjali College of Engineering",
            "location": "Hyderabad, India",
            "date": "April 2022",
            "description": "Event Manager"
        }
    ],
    "languages": [
        {
            "language": "English",
            "proficiency": "Limited Working Proficiency"
        },
        {
            "language": "Telugu",
            "proficiency": "Proficiency"
        },
        {
            "language": "Hindi",
            "proficiency": "Proficiency"
        }
    ]
}