{
  "$schema": "http://json-schema.org/draft-04/schema#",
  "type": "object",
  "properties": {
    "personal_information": {
      "type": "object",
      "properties": {
        "name": {
          "type": "string"
        },
        "email": {
          "type": "string"
        },
        "phone": {
          "type": "string"
        },
        "location": {
          "type": "string"
        },
        "socials": {
          "type": "array",
          "items": [
            {
              "type": "object",
              "properties": {
                "name": {
                  "type": "string"
                },
                "link": {
                  "type": "string"
                }
              },
              "required": [
                "name",
                "link"
              ]
            }
          ]
        }
      },
      "required": [
        "name",
        "email",
        "phone",
        "location"
      ]
    },
    "summary": {
      "type": "string"
    },
    "experiences": {
      "type": "array",
      "items": [
        {
          "type": "object",
          "properties": {
            "designation": {
              "type": "string"
            },
            "companyName": {
              "type": "string"
            },
            "location": {
              "type": "string"
            },
            "start_date": {
              "type": "string"
            },
            "end_date": {
              "type": "string"
            },
            "caption": {
              "type": "string"
            },
            "points": {
              "type": "array",
              "items": [
                {
                  "type": "string"
                }
              ]
            }
          },
          "required": [
            "designation",
            "companyName",
            "location",
            "start_date"
          ]
        }
      ]
    },
    "education": {
      "type": "array",
      "items": [
        {
          "type": "object",
          "properties": {
            "institution": {
              "type": "string"
            },
            "degree": {
              "type": "string"
            },
            "location": {
              "type": "string"
            },
            "start_date": {
              "type": "string"
            },
            "end_date": {
              "type": "string"
            },
            "gpa": {
              "type": "string"
            },
            "gpa_out_off": {
              "type": "string"
            }
          },
          "required": [
            "institution",
            "degree",
            "location",
            "start_date",
            "gpa",
            "gpa_out_off"
          ]
        }
      ]
    },
    "skills": {
      "type": "array",
      "items": [
        {
          "type": "object",
          "properties": {
            "name": {
              "type": "string"
            },
            "data": {
              "type": "array",
              "items": [
                {
                  "type": "string"
                }
              ]
            }
          },
          "required": [
            "name",
            "data"
          ]
        }
      ]
    },
    "projects": {
      "type": "array",
      "items": [
        {
          "type": "object",
          "properties": {
            "projectName": {
              "type": "string"
            },
            "caption": {
              "type": "string"
            },
            "location": {
              "type": "string"
            },
            "start_date": {
              "type": "string"
            },
            "end_date": {
              "type": "string"
            },
            "url": {
              "type": "string"
            },
            "projectDetails": {
              "type": "array",
              "items": [
                {
                  "type": "string"
                }
              ]
            },
            "externalSources": {
              "type": "array",
              "items": [
                {
                  "type": "object",
                  "properties": {
                    "name": {
                      "type": "string"
                    },
                    "link": {
                      "type": "string"
                    }
                  },
                  "required": [
                    "name",
                    "link"
                  ]
                }
              ]
            },
            "technologiesUsed": {
              "type": "array",
              "items": [
                {
                  "type": "string"
                }
              ]
            }
          },
          "required": [
            "projectName",
            "location",
            "projectDetails"
          ]
        }
      ]
    },
    "certifications": {
      "type": "array",
      "items": [
        {
          "type": "object",
          "properties": {
            "name": {
              "type": "string"
            },
            "issuing_organization": {
              "type": "string"
            },
            "issue_date": {
              "type": "string"
            },
            "expiration_date": {
              "type": "string"
            },
            "credential_id": {
              "type": "string"
            },
            "url": {
              "type": "string"
            }
          },
          "required": [
            "name",
            "issuing_organization",
            "issue_date",
            "expiration_date",
            "credential_id",
            "url"
          ]
        }
      ]
    },
    "awards": {
      "type": "array",
      "items": [
        {
          "type": "object",
          "properties": {
            "name": {
              "type": "string"
            },
            "type": {
              "type": "string"
            },
            "location": {
              "type": "string"
            },
            "date": {
              "type": "string"
            },
            "description": {
              "type": "string"
            }
          },
          "required": [
            "name",
            "type",
            "location",
            "date",
            "description"
          ]
        }
      ]
    },
    "extracurricular/achievements": {
      "type": "array",
      "items": [
        {
          "type": "object",
          "properties": {
            "name": {
              "type": "string"
            },
            "type": {
              "type": "string"
            },
            "location": {
              "type": "string"
            },
            "date": {
              "type": "string"
            },
            "description": {
              "type": "string"
            }
          },
          "required": [
            "name",
            "type",
            "location",
            "date",
            "description"
          ]
        }
      ]
    },
    "languages": {
      "type": "array",
      "items": [
        {
          "type": "object",
          "properties": {
            "language": {
              "type": "string"
            },
            "proficiency": {
              "type": "string"
            }
          },
          "required": [
            "language",
            "proficiency"
          ]
        }
      ]
    }
  },
  "required": [
    "personal_information",
    "education",
    "skills",
    "extracurricular/achievements"
  ]
}